{
  "source_regions": "/Users/lev/dev/dower-coppler/data/cnr_measurement_20260515_191622.regions.json",
  "plane": 0,
  "roi_labels": [
    "V1",
    "V2",
    "V3",
    "V4",
    "V5",
    "V6"
  ],
  "metrics": {
    "cnr_db": {
      "power_doppler": [
        13.170705646916607,
        14.89376541567351,
        8.59263355693036,
        11.675103427800785,
        -5.784808806408667,
        13.755406889077186
      ],
      "color_doppler_abs": [
        -17.113400434290583,
        -8.268147641001498,
        5.320726192562746,
        -9.035595218663449,
        2.5015235887860285,
        -11.15197177833908
      ],
      "dower_coppler_abs": [
        21.814519988984088,
        11.865691581381304,
        14.910999666880942,
        10.419583592356563,
        8.767357033721861,
        16.673787262529757
      ]
    },
    "gcnr": {
      "power_doppler": [
        1.0,
        1.0,
        1.0,
        1.0,
        0.4808918482647295,
        1.0
      ],
      "color_doppler_abs": [
        0.9595238095238096,
        0.9095238095238095,
        0.9952380952380953,
        0.642063492063492,
        0.8461460855528652,
        0.9511904761904761
      ],
      "dower_coppler_abs": [
        1.0,
        1.0,
        1.0,
        1.0,
        0.9794794188861985,
        1.0
      ],
      "color_doppler_signed": [
        0.9416666666666667,
        0.9,
        0.9904761904761905,
        0.8166666666666667,
        0.9669693301049234,
        0.9726190476190476
      ],
      "dower_coppler_signed": [
        1.0,
        1.0,
        1.0,
        1.0,
        1.0,
        1.0
      ]
    }
  },
  "summary": {
    "median_cnr_db": {
      "power_doppler": 12.422904537358697,
      "color_doppler_abs": -8.651871429832473,
      "dower_coppler_abs": 13.388345624131123
    },
    "range_cnr_db": {
      "power_doppler": [
        -5.784808806408667,
        14.89376541567351
      ],
      "color_doppler_abs": [
        -17.113400434290583,
        5.320726192562746
      ],
      "dower_coppler_abs": [
        8.767357033721861,
        21.814519988984088
      ]
    }
  }
}
